District,beta,rescaled_vulnerability,district_population
Mumbai,0.18,0.246109,3090000
Jaipur,0.1,0.533198,6630000
Pune,0.12,0.490497,9430000
Indore,0.13,0.374538,3276697
Thane,0.1,0.539349,11100000
Bhopal,0.1,0.419287,2370000
Ahmadabad,0.1,0.40806,7210000
Kurnool,0.1,0.507266,4050000
Bengaluru,0.1,0.409306,9620000
Chennai,0.11,0.237541,7100000